casting_principal,genre,pays,public,rating,rating_score,runtime,summary,title,titre_original,years
"Tim Robbins,Morgan Freeman,Bob Gunton,William Sadler,Clancy Brown,Gil Bellows,Mark Rolston,James Whitmore,Jeffrey DeMunn,Larry Brandenburg,Neil Giuntoli,Brian Libby,David Proval,Joseph Ragno,Jude Ciccolella,Paul McCrane,Renee Blaine,Scott Mann",Drama,,R,,9.3,142,"Two imprisoned men bond over a number of years, finding solace and eventual redemption through acts of common decency.",The Shawshank Redemption,,1994
"Mark Hamill,Harrison Ford,Carrie Fisher,Billy Dee Williams,Anthony Daniels,David Prowse,Peter Mayhew,Kenny Baker,Frank Oz,Alec Guinness,Jeremy Bulloch,John Hollis,Jack Purvis,Des Webb,Clive Revill,Kenneth Colley,Julian Glover,Michael Sheard","Action,Adventure,Fantasy",,PG,,8.7,124,"After the Rebels are brutally overpowered by the Empire on the ice planet Hoth, Luke Skywalker begins Jedi training with Yoda, while his friends are pursued across the galaxy by Darth Vader ...",Star Wars: Episode V - The Empire Strikes Back,Original title: The Empire Strikes Back,1980
"Morgan Freeman,Brad Pitt,Kevin Spacey,Andrew Kevin Walker,Daniel Zacapa,Gwyneth Paltrow,John Cassini,Bob Mack,Peter Crombie,Reg E. Cathey,R. Lee Ermey,George Christy,Endre Hules,Hawthorne James,William Davidson,Bob Collins,Jimmy Dale Hartsell,Richard Roundtree","Crime,Drama,Mystery",,R,,8.6,127,"Two detectives, a rookie and a veteran, hunt a serial killer who uses the seven deadly sins as his motives.",Se7en,,1995
"Toshirô Mifune,Takashi Shimura,Keiko Tsushima,Yukiko Shimazaki,Kamatari Fujiwara,Daisuke Katô,Isao Kimura,Minoru Chiaki,Seiji Miyaguchi,Yoshio Kosugi,Bokuzen Hidari,Yoshio Inaba,Yoshio Tsuchiya,Kokuten Kôdô,Eijirô Tôno,Kichijirô Ueda,Jun Tatara,Atsushi Watanabe","Action,Drama",,Not Rated,,8.6,207,"Farmers from a village exploited by bandits hire a veteran samurai for protection, who gathers six other samurai to join him.",Seven Samurai,Original title: Shichinin no samurai,1954
"Tom Hanks,Robin Wright,Gary Sinise,Sally Field,Rebecca Williams,Michael Conner Humphreys,Harold G. Herthum,George Kelly,Bob Penny,John Randall,Sam Anderson,Margo Moorer,Ione M. Telech,Christine Seabrook,John Worsham,Peter Dobson,Siobhan Fallon Hogan,Alexander Zemeckis","Drama,Romance",,PG-13,,8.8,142,"The presidencies of Kennedy and Johnson, the Vietnam War, the Watergate scandal and other historical events unfold from the perspective of an Alabama man with an IQ of 75, whose only desire ...",Forrest Gump,,1994
"Elijah Wood,Ian McKellen,Viggo Mortensen,Orlando Bloom,Bruce Allpress,Sean Astin,John Bach,Sala Baker,Cate Blanchett,Billy Boyd,Jed Brophy,Sam Comery,Brad Dourif,Calum Gittins,Bernard Hill,Bruce Hopkins,Paris Howe Strewe,Christopher Lee","Action,Adventure,Drama",,PG-13,,8.8,179,"While Frodo and Sam edge closer to Mordor with the help of the shifty Gollum, the divided fellowship makes a stand against Sauron's new ally, Saruman, and his hordes of Isengard.",The Lord of the Rings: The Two Towers,,2002
"Brad Pitt,Edward Norton,Meat Loaf,Zach Grenier,Richmond Arquette,David Andrews,George Maguire,Eugenie Bondurant,Christina Cabot,Helena Bonham Carter,Sydney 'Big Dawg' Colston,Rachel Singer,Christie Cronenweth,Tim DeZarn,Ezra Buzzington,Dierdre Downing-Jackson,Bob Stephenson,Charlie Dell",Drama,,R,,8.8,139,An insomniac office worker and a devil-may-care soap maker form an underground fight club that evolves into much more.,Fight Club,,1999
"Leonardo DiCaprio,Joseph Gordon-Levitt,Elliot Page,Ken Watanabe,Tom Hardy,Dileep Rao,Cillian Murphy,Tom Berenger,Marion Cotillard,Pete Postlethwaite,Michael Caine,Lukas Haas,Tai-Li Lee,Claire Geare,Magnus Nolan,Taylor Geare,Johnathan Geare,Tohoru Masamune","Action,Adventure,Sci-Fi",,PG-13,,8.8,148,"A thief who steals corporate secrets through the use of dream-sharing technology is given the inverse task of planting an idea into the mind of a C.E.O., but his tragic past may doom the pro...",Inception,,2010
"Keanu Reeves,Laurence Fishburne,Carrie-Anne Moss,Hugo Weaving,Gloria Foster,Joe Pantoliano,Marcus Chong,Julian Arahanga,Matt Doran,Belinda McClory,Anthony Ray Parker,Paul Goddard,Robert Taylor,David Aston,Marc Aden Gray,Ada Nicodemou,Deni Gordon,Rowan Witt","Action,Sci-Fi",,R,,8.7,136,"When a beautiful stranger leads computer hacker Neo to a forbidding underworld, he discovers the shocking truth--the life he knows is the elaborate deception of an evil cyber-intelligence.",The Matrix,,1999
"Clint Eastwood,Eli Wallach,Lee Van Cleef,Aldo Giuffrè,Luigi Pistilli,Rada Rassimov,Enzo Petito,Claudio Scarchilli,John Bartha,Livio Lorenzon,Antonio Casale,Sandro Scarchilli,Benito Stefanelli,Angelo Novi,Antonio Casas,Aldo Sambrell,Al Mulock,Sergio Mendizábal","Adventure,Western",,R,,8.8,178,A bounty hunting scam joins two men in an uneasy alliance against a third in a race to find a fortune in gold buried in a remote cemetery.,"The Good, the Bad and the Ugly","Original title: Il buono, il brutto, il cattivo",1966
"Jack Nicholson,Louise Fletcher,Michael Berryman,Peter Brocco,Dean R. Brooks,Alonzo Brown,Scatman Crothers,Mwako Cumbuka,Danny DeVito,William Duell,Josip Elic,Lan Fendors,Nathan George,Ken Kenny,Mel Lambert,Sydney Lassick,Kay Lee,Christopher Lloyd",Drama,,R,,8.7,133,"In the Fall of 1963, a Korean War veteran and criminal pleads insanity and is admitted to a mental institution, where he rallies up the scared patients against the tyrannical nurse.",One Flew Over the Cuckoo's Nest,,1975
"Robert De Niro,Ray Liotta,Joe Pesci,Lorraine Bracco,Paul Sorvino,Frank Sivero,Tony Darrow,Mike Starr,Frank Vincent,Chuck Low,Frank DiLeo,Henny Youngman,Gina Mastrogiacomo,Catherine Scorsese,Charles Scorsese,Suzanne Shepherd,Debi Mazar,Margo Winkler","Biography,Crime,Drama",,R,,8.7,145,"The story of Henry Hill and his life in the mob, covering his relationship with his wife Karen Hill and his mob partners Jimmy Conway and Tommy DeVito in the Italian-American crime syndicate...",Goodfellas,,1990
"Elijah Wood,Ian McKellen,Orlando Bloom,Sean Bean,Alan Howard,Noel Appleby,Sean Astin,Sala Baker,Billy Boyd,Andy Serkis,Marton Csokas,Viggo Mortensen,Megan Edwards,Michael Elsworth,Cate Blanchett,Mark Ferguson,Ian Holm,Christopher Lee","Action,Adventure,Drama",,PG-13,,8.8,178,A meek Hobbit from the Shire and eight companions set out on a journey to destroy the powerful One Ring and save Middle-earth from the Dark Lord Sauron.,The Lord of the Rings: The Fellowship of the Ring,,2001
"John Travolta,Uma Thurman,Samuel L. Jackson,Bruce Willis,Tim Roth,Amanda Plummer,Laura Lovelace,Phil LaMarr,Frank Whaley,Burr Steers,Ving Rhames,Paul Calderon,Bronagh Gallagher,Rosanna Arquette,Eric Stoltz,Jerome Patrick Hoban,Michael Gilden,Gary Shorelle","Crime,Drama",,R,,8.9,154,"The lives of two mob hitmen, a boxer, a gangster and his wife, and a pair of diner bandits intertwine in four tales of violence and redemption.",Pulp Fiction,,1994
"Ben Kingsley,John Gielgud,Rohini Hattangadi,Roshan Seth,Candice Bergen,Edward Fox,Trevor Howard,John Mills,Martin Sheen,Ian Charleson,Günther Maria Halmer,Athol Fugard,Saeed Jaffrey,Geraldine James,Alyque Padamsee,Amrish Puri,Ian Bannen,Michael Bryant","Biography,Drama,History",,PG,,8.1,191,The life of the lawyer who became the famed leader of the Indian revolts against the British rule through his philosophy of nonviolent protest.,Gandhi,,1982
"Elijah Wood,Viggo Mortensen,Ian McKellen,Orlando Bloom,Noel Appleby,Ali Astin,Sean Astin,David Aston,John Bach,Sean Bean,Cate Blanchett,Billy Boyd,Sadwyn Brophy,Alistair Browning,Marton Csokas,Richard Edge,Jason Fitch,Bernard Hill","Action,Adventure,Drama",,PG-13,,9.0,201,Gandalf and Aragorn lead the World of Men against Sauron's army to draw his gaze from Frodo and Sam as they approach Mount Doom with the One Ring.,The Lord of the Rings: The Return of the King,,2003
"Eli Marienthal,Harry Connick Jr.,Jennifer Aniston,Vin Diesel,James Gammon,Cloris Leachman,Christopher McDonald,John Mahoney,M. Emmet Walsh,Jack Angel,Bob Bergen,Mary Kay Bergman,Michael Bird,Devon Cole Borisoff,Rodger Bumpass,Robert Clotworthy,Jennifer Darling,Zack Eginton","Animation,Action,Adventure",,PG,,8.1,86,A young boy befriends a giant robot from outer space that a paranoid government agent wants to destroy.,The Iron Giant,,1999
"Scott Weinger,Robin Williams,Linda Larkin,Jonathan Freeman,Frank Welker,Gilbert Gottfried,Douglas Seale,Charlie Adler,Jack Angel,Corey Burton,Philip L. Clarke,Jim Cummings,Jennifer Darling,Debi Derryberry,Bruce Gooch,Jerry Houser,Vera Lockwood,Sherry Lynn","Animation,Adventure,Comedy",,G,,8.0,90,A kindhearted street urchin and a power-hungry Grand Vizier vie for a magic lamp that has the power to make their deepest wishes come true.,Aladdin,,1992
"Viola Davis,Emma Stone,Octavia Spencer,Bryce Dallas Howard,Jessica Chastain,Ahna O'Reilly,Allison Janney,Anna Camp,Eleanor Henry,Emma Henry,Christopher Lowell,Cicely Tyson,Mike Vogel,Sissy Spacek,Brian Kerwin,Wes Chatham,Aunjanue Ellis,Ted Welch",Drama,,PG-13,,8.1,146,"An aspiring author during the civil rights movement of the 1960s decides to write a book detailing the African American maids' point of view on the white families for which they work, and th...",The Help,,2011
"Michelle Yeoh,Stephanie Hsu,Jamie Lee Curtis,Ke Huy Quan,James Hong,Tallie Medel,Jenny Slate,Harry Shum Jr.,Randy Newman,Biff Wiff,Sunita Mani,Aaron Lazar,Brian Le,Andy Le,Narayana Cabral,Chelsey Goldsmith,Craig Henningsen,Anthony Molinari","Action,Adventure,Comedy",,R,,8.1,139,"An aging Chinese immigrant is swept up in an insane adventure, in which she alone can save the world by exploring other universes connecting with the lives she could have led.",Everything Everywhere All at Once,,2022
"Maksim Munzuk,Yuriy Solomin,Mikhail Bychkov,Vladimir Khrulyov,V. Lastochkin,Stanislav Marin,Igor Sykhra,Vladimir Sergiyakov,Yanis Yakobsons,Vladimir Khlestov,G. Polunin,V. Koldin,M. Tetov,S. Sinyavskiy,Vladimir Sverba,V. Ignatov,Vladimir Kremena,Aleksandr Pyatkov","Adventure,Biography,Drama",,G,,8.2,142,The Russian army sends an explorer on an expedition to the snowy Siberian wilderness where he makes friends with a seasoned local hunter.,Dersu Uzala,,1975
"Graham Chapman,John Cleese,Michael Palin,Terry Gilliam,Eric Idle,Terry Jones,Terence Bayler,Carol Cleveland,Kenneth Colley,Neil Innes,Charles McKeown,John Young,Gwen Taylor,Sue Jones-Davies,Peter Brett,John Case,Chris Langham,Andrew MacLachlan",Comedy,,R,,8.0,94,"Born on the original Christmas in the stable next door to Jesus Christ, Brian of Nazareth spends his life being mistaken for a messiah.",Life of Brian,,1979
"Julie Andrews,Christopher Plummer,Eleanor Parker,Richard Haydn,Peggy Wood,Charmian Carr,Heather Menzies-Urich,Nicholas Hammond,Duane Chase,Angela Cartwright,Debbie Turner,Kym Karath,Anna Lee,Portia Nelson,Ben Wright,Daniel Truhitte,Norma Varden,Gilchrist Stuart","Biography,Drama,Family",,G,,8.1,172,A young novitiate is sent by her convent in 1930s Austria to become a governess to the seven children of a widowed naval officer.,The Sound of Music,,1965
"Clark Gable,Claudette Colbert,Walter Connolly,Roscoe Karns,Jameson Thomas,Alan Hale,Arthur Hoyt,Blanche Friderici,Charles C. Wilson,Ernie Adams,Jessie Arnold,Irving Bacon,William Bailey,William Begg,William A. Boardway,Ward Bond,Harry C. Bradley,George P. Breakston","Comedy,Romance",,Passed,,8.1,105,"A renegade reporter trailing a young runaway heiress for a big story joins her on a bus heading from Florida to New York, and they end up stuck with each other when the bus leaves them behin...",It Happened One Night,,1934
"Bibi Andersson,Liv Ullmann,Margaretha Krook,Gunnar Björnstrand,Jörgen Lindström","Drama,Thriller",,Not Rated,,8.1,83,A nurse is put in charge of a mute actress and finds that their personae are melding together.,Persona,,1966
"Kim Min-hee,Ha Jung-woo,Cho Jin-woong,Moon So-ri,Kim Tae-ri,Yong-nyeo Lee,Min-chae Yoo,Dong-hwi Lee,Kim Hae-sook,Kyu-jung Lee,Si-eun Kim,Si-yeon Ha,Rina Takagi,Geun-hee Won,Jong-Dae Kim,Han-sun Jang,Eun-yeong Kim,Ri-woo Kim","Drama,Romance,Thriller",,Not Rated,,8.1,145,"A woman is hired as a handmaiden to a Japanese heiress, but secretly she is involved in a plot to defraud her.",The Handmaiden,Original title: Ah-ga-ssi,2016
"Paul Newman,George Kennedy,Strother Martin,J.D. Cannon,Lou Antonio,Robert Drivas,Jo Van Fleet,Clifton James,Morgan Woodward,Luke Askew,Marc Cavell,Richard Davalos,Robert Donner,Warren Finnerty,Dennis Hopper,John McLiam,Wayne Rogers,Harry Dean Stanton","Crime,Drama",,GP,,8.1,127,"A laid back Southern man is sentenced to two years in a rural prison, but refuses to conform.",Cool Hand Luke,,1967
"Jean-Pierre Léaud,Albert Rémy,Claire Maurier,Guy Decomble,Georges Flamant,Patrick Auffay,Daniel Couturier,François Nocher,Richard Kanayan,Renaud Fontanarosa,Michel Girard,Serge Moati,Bernard Abbou,Jean-François Bergouignan,Michel Lesignor,Luc Andrieux,Robert Beauvais,Bouchon","Crime,Drama",,Not Rated,,8.1,99,"A young boy, left without attention, delves into a life of petty crime.",The 400 Blows,Original title: Les quatre cents coups,1959
"Çetin Tekindor,Fikret Kuskan,Hümeyra,Ege Tanman,Serif Sezer,Yetkin Dikinciler,Binnur Kaya,Mahmut Gökgöz,Nergis Çorakçi,Bilge Sen,Tuba Büyüküstün,Özge Özberk,Erdal Tosun,Halit Ergenç,Tugyan Akay Kavukçu,Ege Kaya,Muzaffer Demirel,Burak Akçakaya","Drama,Family",,Not Rated,,8.2,112,The family of a left-wing journalist is torn apart after the military coup of Turkey in 1980.,My Father and My Son,Original title: Babam ve Oglum,2005
"Emilio Echevarría,Gael García Bernal,Goya Toledo,Álvaro Guerrero,Vanessa Bauche,Jorge Salinas,Marco Pérez,Rodrigo Murray,Humberto Busto,Gerardo Campbell,Rosa María Bianchi,Dunia Saldívar,Adriana Barraza,José Sefami,Lourdes Echevarría,Laura Almela,Ricardo Dalmacci,Gustavo Sánchez Parra","Drama,Thriller",,R,,8.1,154,"A horrific car accident connects three stories, each involving characters dealing with loss, regret, and life's harsh realities, all in the name of love.",Amores Perros,Original title: Amores perros,2000
"Laurence Olivier,Joan Fontaine,George Sanders,Judith Anderson,Nigel Bruce,Reginald Denny,C. Aubrey Smith,Gladys Cooper,Florence Bates,Melville Cooper,Leo G. Carroll,Leonard Carey,Lumsden Hare,Edward Fielding,Philip Winter,Forrester Harvey,Bunny Beatty,Billy Bevan","Drama,Film-Noir,Mystery",,Approved,,8.1,130,A self-conscious woman juggles adjusting to her new role as an aristocrat's wife and avoiding being intimidated by his first wife's spectral presence.,Rebecca,,1940
"Henry Fonda,Jane Darwell,John Carradine,Charley Grapewin,Dorris Bowdon,Russell Simpson,O.Z. Whitehead,John Qualen,Eddie Quillan,Zeffie Tilbury,Frank Sully,Frank Darien,Darryl Hickman,Shirley Mills,Roger Imhof,Grant Mitchell,Charles D. Brown,John Arledge",Drama,,Passed,,8.1,129,"An Oklahoma family, driven off their farm by the poverty and hopelessness of the Dust Bowl, joins the westward migration to California, suffering the misfortunes of the homeless in the Great...",The Grapes of Wrath,,1940
"Johnny Depp,Geoffrey Rush,Orlando Bloom,Keira Knightley,Jack Davenport,Jonathan Pryce,Lee Arenberg,Mackenzie Crook,Damian O'Hare,Giles New,Angus Barnett,David Bailie,Michael Berry Jr.,Isaac C. Singleton Jr.,Kevin McNally,Treva Etienne,Zoe Saldana,Guy Siner","Action,Adventure,Fantasy",,PG-13,,8.1,143,"Blacksmith Will Turner teams up with eccentric pirate ""Captain"" Jack Sparrow to save his love, the governor's daughter, from Jack's former pirate allies, who are now undead.",Pirates of the Caribbean: The Curse of the Black Pearl,,2003
"Suriya,Lijo Mol Jose,Manikandan K.,Rajisha Vijayan,Prakash Raj,Rao Ramesh,Guru Somasundaram,M.S. Bhaskar,V. Jayaprakash,Sibi Thomas,Ilavarasu,Jayarao,Sujatha Sivakumar,Ravi Venkatraman,Tamizh,Kumaravel,Supergood Subramani,Bala Hasan","Crime,Drama,Mystery",,TV-MA,,8.8,164,"When a tribal man is arrested for a case of alleged theft, his wife turns to a human-rights lawyer to help bring justice.",Jai Bhim,,2021
"Richard Gere,Joan Allen,Cary-Hiroyuki Tagawa,Sarah Roemer,Jason Alexander,Erick Avari,Davenia McFadden,Robbie Sublett,Kevin DeCoste,Rob Degnan,Tora Hallström,Donna Sorbello,Frank S. Aronson,Troy Doherty,Ian Sherman,Timothy Crowe,Denece Ryland,Blake Friedman","Biography,Drama,Family",,G,,8.1,93,A college professor bonds with an abandoned dog he takes into his home.,Hachi: A Dog's Tale,,2009
"Carole Lombard,Jack Benny,Robert Stack,Felix Bressart,Lionel Atwill,Stanley Ridges,Sig Ruman,Tom Dugan,Charles Halton,George Lynn,Henry Victor,Maude Eburne,Halliwell Hobbes,Miles Mander,Rudolph Anders,Paul Barrett,Sven Hugo Borg,Danny Borzage","Comedy,Romance,War",,Passed,,8.2,99,"During the Nazi occupation of Poland, an acting troupe becomes embroiled in a Polish soldier's efforts to track down a German spy.",To Be or Not to Be,,1942
"Vincent Cassel,Hubert Koundé,Saïd Taghmaoui,Abdel Ahmed Ghili,Solo,Joseph Momo,Héloïse Rauth,Rywka Wajsbrot,Olga Abrego,Laurent Labasse,Choukri Gabteni,Nabil Ben Mhamed,Benoît Magimel,Médard Niang,Arash Mansour,Abdel-Moulah Boujdouni,Mathilde Vitry,Christian Moro","Crime,Drama",,Not Rated,,8.1,98,24 hours in the lives of three young men in the French suburbs the day after a violent riot.,La haine,,1995
"Brahim Hadjadj,Jean Martin,Yacef Saadi,Samia Kerbash,Ugo Paletti,Fusia El Kader,Mohamed Ben Kassen,Franco Moruzzi,Tommaso Neri,Rouïched,Gene Wesson","Drama,War",,Not Rated,,8.1,121,"In the 1950s, fear and violence escalate as the people of Algiers fight for independence from the French government.",The Battle of Algiers,Original title: La battaglia di Algeri,1966
"Myrna Loy,Dana Andrews,Fredric March,Teresa Wright,Virginia Mayo,Cathy O'Donnell,Hoagy Carmichael,Harold Russell,Gladys George,Roman Bohnen,Ray Collins,Minna Gombell,Walter Baldwin,Steve Cochran,Dorothy Adams,Don Beddoe,Marlene Aames,Charles Halton","Drama,Romance,War",,Approved,,8.1,170,"Three World War II veterans, two of them traumatized or disabled, return home to the American midwest to discover that they and their families have been irreparably changed.",The Best Years of Our Lives,,1946
"Craig T. Nelson,Samuel L. Jackson,Holly Hunter,Jason Lee,Dominique Louis,Teddy Newton,Jean Sincere,Eli Fucile,Maeve Andrews,Wallace Shawn,Spencer Fox,Lou Romano,Wayne Canney,Sarah Vowell,Michael Bird,Elizabeth Peña,Bud Luckey,Brad Bird","Animation,Action,Adventure",,PG,,8.0,115,"While trying to lead a quiet suburban life, a family of undercover superheroes are forced into action to save the world.",The Incredibles,,2004
"Ellen Burstyn,Max von Sydow,Linda Blair,Lee J. Cobb,Kitty Winn,Jack MacGowran,Jason Miller,William O'Malley,Barton Heyman,Peter Masterson,Rudolf Schündler,Gina Petrushka,Robert Symonds,Arthur Storch,Thomas Bermingham,Vasiliki Maliaros,Titos Vandis,John Mahon",Horror,,R,,8.1,122,"When a teenage girl is possessed by a mysterious entity, her mother seeks the help of two priests to save her daughter.",The Exorcist,,1973
"Bill Murray,Andie MacDowell,Chris Elliott,Stephen Tobolowsky,Brian Doyle-Murray,Marita Geraghty,Angela Paton,Rick Ducommun,Rick Overton,Robin Duke,Carol Bivins,Willie Garson,Ken Hudson Campbell,Les Podewell,Rod Sell,Tom Milanovich,John M. Watson Sr.,Peggy Roeder","Comedy,Drama,Fantasy",,PG,,8.1,101,"A narcissistic, self-centered weatherman finds himself in a time loop on Groundhog Day, and the day keeps repeating until he gets it right.",Groundhog Day,,1993
"Judy Garland,Frank Morgan,Ray Bolger,Bert Lahr,Jack Haley,Billie Burke,Margaret Hamilton,Charley Grapewin,Pat Walshe,Clara Blandick,Terry,The Singer Midgets,Franz Balluck,Josefine Balluck,Dorothy Barrett,Amelia Batchelor,Charles Becker,Freda Betsky","Adventure,Family,Fantasy",,G,,8.1,102,"Young Dorothy Gale and her dog Toto are swept away by a tornado from their Kansas farm to the magical Land of Oz, and embark on a quest with three new friends to see the Wizard, who can retu...",The Wizard of Oz,,1939
"Ethan Hawke,Julie Delpy,Vernon Dobtcheff,Louise Lemoine Torrès,Rodolphe Pauly,Mariane Plasteig,Diabolo,Denis Evrard,Albert Delpy,Marie Pillet","Drama,Romance",,R,,8.1,80,"Nine years after Jesse and Celine first met, they encounter each other again on the French leg of Jesse's book tour.",Before Sunset,,2004
"Emile Hirsch,Vince Vaughn,Catherine Keener,Marcia Gay Harden,William Hurt,Jena Malone,Brian H. Dierker,Kristen Stewart,Hal Holbrook,Jim Gallien,James O'Neill,Malinda McCollum,Paul Knauls,Zach Galifianakis,Craig Mutsch,Jim Beidler,John Decker,John Hofer","Adventure,Biography,Drama",,R,,8.1,148,"After graduating from Emory University, top student and athlete Christopher McCandless abandons his possessions, gives his entire $24,000 savings account to charity and hitchhikes to Alaska ...",Into the Wild,,2007
"Faye Dunaway,William Holden,Peter Finch,Robert Duvall,Wesley Addy,Ned Beatty,Arthur Burghardt,Bill Burrows,John Carpenter,Jordan Charney,Kathy Cronkite,Ed Crowley,Jerome Dempsey,Conchata Ferrell,Gene Gross,Stanley Grover,Cindy Grover,Darryl Hickman",Drama,,R,,8.1,121,"A television network cynically exploits a deranged former anchor's ravings and revelations about the news media for its own profit, but finds that his message may be difficult to control.",Network,,1976
"Kanu Bannerjee,Karuna Bannerjee,Subir Banerjee,Chunibala Devi,Uma Das Gupta,Runki Banerjee,Reba Devi,Aparna Devi,Tulsi Chakraborty,Haren Banerjee,Rampada Das,Nibhanani Devi,Rama Gangopadhaya,Roma Ganguli,Binoy Mukherjee,Haridhan Nag,Harimohan Nag,Kshirod Roy",Drama,,Not Rated,,8.3,125,"Impoverished priest Harihar Ray, dreaming of a better life for himself and his family, leaves his rural Bengal village in search of work.",Pather Panchali,,1955
"Daniel Brühl,Chris Hemsworth,Olivia Wilde,Alexandra Maria Lara,Pierfrancesco Favino,David Calder,Natalie Dormer,Stephen Mangan,Christian McKay,Alistair Petrie,Julian Rhind-Tutt,Colin Stinton,Jamie de Courcey,Augusto Dallara,Ilario Calvo,Patrick Baladi,Vincent Riotta,Martin Savage","Action,Biography,Drama",,R,,8.1,123,The merciless 1970s rivalry between Formula One rivals James Hunt and Niki Lauda.,Rush,,2013
"Brad Garrett,Lou Romano,Patton Oswalt,Ian Holm,Brian Dennehy,Peter Sohn,Peter O'Toole,Janeane Garofalo,Will Arnett,Julius Callahan,James Remar,John Ratzenberger,Teddy Newton,Tony Fucile,Jake Steinfeld,Brad Bird,Stéphane Roux,Jack Bird","Animation,Adventure,Comedy",,G,,8.1,111,A rat who can cook makes an unusual alliance with a young kitchen worker at a famous Paris restaurant.,Ratatouille,,2007
"Arnold Schwarzenegger,Linda Hamilton,Michael Biehn,Paul Winfield,Lance Henriksen,Rick Rossovich,Bess Motta,Earl Boen,Dick Miller,Shawn Schepps,Bruce M. Kerner,Franco Columbu,Bill Paxton,Brad Rearden,Brian Thompson,William Wisher,Ken Fritz,Tom Oberhaus","Action,Sci-Fi",,R,,8.1,107,"A human soldier is sent from 2029 to 1984 to stop an almost indestructible cyborg killing machine, sent from the same year, which has been programmed to execute a young woman whose unborn so...",The Terminator,,1984
"Hugh Jackman,Patrick Stewart,Dafne Keen,Boyd Holbrook,Stephen Merchant,Elizabeth Rodriguez,Richard E. Grant,Eriq La Salle,Elise Neal,Quincy Fouse,Al Coronel,Frank Gallegos,Anthony Escobar,Reynaldo Gallegos,Krzysztof Soszynski,Stephen Dunlevy,Daniel Bernhardt,Ryan Sturz","Action,Drama,Sci-Fi",,R,,8.1,137,"In a future where mutants are nearly extinct, an elderly and weary Logan leads a quiet life. But when Laura, a mutant child pursued by scientists, comes to him for help, he must get her to s...",Logan,,2017
"Wil Wheaton,River Phoenix,Corey Feldman,Jerry O'Connell,Kiefer Sutherland,Casey Siemaszko,Gary Riley,Bradley Gregg,Jason Oliver Lipsett,Marshall Bell,Frances Lee McCain,Bruce Kirby,William Bronder,Scott Beach,Richard Dreyfuss,John Cusack,Madeleine Swift,Popeye","Adventure,Drama",,R,,8.1,89,"After the death of one of his friends, a writer recounts a childhood journey with his friends to find the body of a missing boy.",Stand by Me,,1986
"Charlie Sheen,Tom Berenger,Willem Dafoe,Keith David,Forest Whitaker,Francesco Quinn,Kevin Dillon,John C. McGinley,Reggie Johnson,Mark Moses,Corey Glover,Johnny Depp,Chris Pedersen,Bob Orwig,Corkey Ford,David Neidorf,Richard Edson,Tony Todd","Drama,War",,R,,8.1,120,"Chris Taylor, a neophyte recruit in Vietnam, finds himself caught in a battle of wills between two sergeants, one good and the other evil. A shrewd examination of the brutality of war and th...",Platoon,,1986
"Mark Ruffalo,Michael Keaton,Rachel McAdams,Liev Schreiber,John Slattery,Brian d'Arcy James,Stanley Tucci,Elena Wohl,Gene Amoroso,Doug Murray,Sharon McFarlane,Jamey Sheridan,Neal Huff,Billy Crudup,Robert B. Kennedy,Duane Murray,Brian Chamberlain,Michael Cyril Creighton","Biography,Crime,Drama",,R,,8.1,129,"The true story of how the Boston Globe uncovered the massive scandal of child molestation and cover-up within the local Catholic Archdiocese, shaking the entire Catholic Church to its core.",Spotlight,,2015
"Sylvester Stallone,Talia Shire,Burt Young,Carl Weathers,Burgess Meredith,Thayer David,Joe Spinell,Jimmy Gambina,Bill Baldwin,Al Silvani,George Memmoli,Jodi Letizia,Diana Lewis,George O'Hanlon,Larry Carroll,Stan Shaw,Don Sherman,Billy Sands","Drama,Sport",,PG,,8.1,120,A small-time Philadelphia boxer gets a supremely rare chance to fight the world heavyweight champion in a bout in which he strives to go the distance for his self-respect.,Rocky,,1976
"Matt Damon,Christian Bale,Jon Bernthal,Caitríona Balfe,Josh Lucas,Noah Jupe,Tracy Letts,Remo Girone,Ray McKinnon,JJ Feild,Jack McMullen,Corrado Invernizzi,Joe Williamson,Ian Harding,Christopher Darga,Shawn Law,Emil Beheshti,Darrin Prescott","Action,Biography,Drama",,PG-13,,8.1,152,American car designer Carroll Shelby and driver Ken Miles battle corporate interference and the laws of physics to build a revolutionary race car for Ford in order to defeat Ferrari at the 2...,Ford v Ferrari,,2019
"Chishû Ryû,Chieko Higashiyama,Sô Yamamura,Setsuko Hara,Haruko Sugimura,Kuniko Miyake,Kyôko Kagawa,Eijirô Tôno,Nobuo Nakamura,Shirô Ôsaka,Hisao Toake,Teruko Nagaoka,Mutsuko Sakura,Toyo Takahashi,Tôru Abe,Sachiko Mitani,Zen Murase,Mitsuhiro Môri",Drama,,Not Rated,,8.2,136,"An old couple visit their children and grandchildren in the city, but receive little attention.",Tokyo Story,Original title: Tôkyô monogatari,1953
"Maria Falconetti,Eugene Silvain,André Berley,Maurice Schutz,Antonin Artaud,Michel Simon,Jean d'Yd,Louis Ravet,Armand Lurville,Jacques Arnna,Alexandre Mihalesco,Léon Larive,Jean Aymé,Camille Bardou,Gilbert Dacheux,Gilbert Dalleu,Paul Delauzac,Dimitri Dimitriev","Biography,Drama,History",,Passed,,8.2,114,"In 1431, Jeanne d'Arc is placed on trial on charges of heresy. The ecclesiastical jurists attempt to force Jeanne to recant her claims of holy visions.",The Passion of Joan of Arc,Original title: La passion de Jeanne d'Arc,1928
"Don Cheadle,Sophie Okonedo,Joaquin Phoenix,Xolani Mali,Desmond Dube,Hakeem Kae-Kazim,Tony Kgoroge,Rosie Motene,Neil McCarthy,Mabutho 'Kid' Sithole,Nick Nolte,Fana Mokoena,Jeremiah Ndlovu,Lebo Mashile,Antonio David Lyons,Leleti Khumalo,Kgomotso Seitshohlo,Lerato Mokgotho","Biography,Drama,History",,PG-13,,8.1,121,"Paul Rusesabagina, a hotel manager, houses over a thousand Tutsi refugees during their struggle against the Hutu militia in Rwanda, Africa.",Hotel Rwanda,,2004
"Jay Baruchel,Gerard Butler,Christopher Mintz-Plasse,Craig Ferguson,America Ferrera,Jonah Hill,T.J. Miller,Kristen Wiig,Robin Atkin Downes,Philip McGrade,Kieron Elliott,Ashley Jensen,David Tennant,Thom Adcox-Hernandez,Tony Anselmo,Bob Bouchard,Nicholas Guest,Kelly Nigh","Animation,Action,Adventure",,PG,,8.1,98,"A hapless young Viking who aspires to hunt dragons becomes the unlikely friend of a young dragon himself, and learns there may be more to the creatures than he assumed.",How to Train Your Dragon,,2010
"Billy Crystal,John Goodman,Mary Gibbs,Steve Buscemi,James Coburn,Jennifer Tilly,Bob Peterson,John Ratzenberger,Frank Oz,Daniel Gerson,Steve Susskind,Bonnie Hunt,Jeff Pidgeon,Samuel Lord Black,Jack Angel,Bob Bergen,Rodger Bumpass,Gino Conforti","Animation,Adventure,Comedy",,G,,8.1,92,"In order to power the city, monsters have to scare children so that they scream. However, the children are toxic to the monsters, and after a child gets through, two monsters realize things ...","Monsters, Inc.",,2001
"Jeff Bridges,John Goodman,Julianne Moore,Steve Buscemi,David Huddleston,Philip Seymour Hoffman,Tara Reid,Philip Moon,Mark Pellegrino,Peter Stormare,Flea,Torsten Voges,Jimmie Dale Gilmore,Jack Kehler,John Turturro,James G. Hoosier,Carlos Leon,Terrence Burton","Comedy,Crime",,R,,8.1,117,"Ultimate L.A. slacker Jeff ""The Dude"" Lebowski, mistaken for a millionaire of the same name, seeks restitution for a rug ruined by debt collectors, enlisting his bowling buddies for help whi...",The Big Lebowski,,1998
"Robin Williams,Robert Sean Leonard,Ethan Hawke,Josh Charles,Gale Hansen,Dylan Kussman,Allelon Ruggiero,James Waterston,Norman Lloyd,Kurtwood Smith,Carla Belver,Leon Pownall,George Martin,Joe Aufiery,Matt Carey,Kevin Cooney,Jane Moore,Lara Flynn Boyle","Comedy,Drama",,PG,,8.1,128,Maverick teacher John Keating uses poetry to embolden his boarding school students to new heights of self-expression.,Dead Poets Society,,1989
"Roy Scheider,Robert Shaw,Richard Dreyfuss,Lorraine Gary,Murray Hamilton,Carl Gottlieb,Jeffrey Kramer,Susan Backlinie,Jonathan Filley,Ted Grossman,Chris Rebello,Jay Mello,Lee Fierro,Jeffrey Voorhees,Craig Kingsbury,Robert Nevin,Peter Benchley,Jonathan Searle","Adventure,Thriller",,PG,,8.1,124,"When a killer shark unleashes chaos on a beach community off Cape Cod, it's up to a local sheriff, a marine biologist, and an old seafarer to hunt the beast down.",Jaws,,1975
"Brie Larson,Jacob Tremblay,Sean Bridgers,Wendy Crewson,Sandy McMaster,Matt Gordon,Amanda Brugel,Joe Pingue,Joan Allen,Zarrin Darnell-Martin,Cas Anvar,William H. Macy,Jee-Yun Lee,Randal Edwards,Justin Mader,Ola Sturik,Rodrigo Fernandez-Stoll,Rory O'Shea","Drama,Thriller",,R,,8.1,118,"Held captive for 7 years in an enclosed space, a woman and her young son finally gain their freedom, allowing the boy to experience the outside world for the first time.",Room,,2015
"Max von Sydow,Gunnar Björnstrand,Bengt Ekerot,Nils Poppe,Bibi Andersson,Inga Gill,Maud Hansson,Inga Landgré,Gunnel Lindblom,Bertil Anderberg,Anders Ek,Åke Fridell,Gunnar Olsson,Erik Strandmark,Siv Aleros,Sten Ardenstam,Harry Asklund,Benkt-Åke Benktsson","Drama,Fantasy",,Not Rated,,8.1,96,"A knight returning to Sweden after the Crusades seeks answers about life, death, and the existence of God as he plays chess against the Grim Reaper during the Black Plague.",The Seventh Seal,Original title: Det sjunde inseglet,1957
"Song Kang-ho,Kim Sang-kyung,Roe-ha Kim,Jae-ho Song,Byun Hee-Bong,Seo-hie Ko,Tae-ho Ryu,No-shik Park,Park Hae-il,Mi-seon Jeon,Young-hwa Seo,Woo Go-na,Ok-joo Lee,Jong-ryol Choi,Seung-mok Yoo,Hun-Kyung Lee,Shin Hyun-jong,Jae-eung Lee","Crime,Drama,Mystery",,Not Rated,,8.1,132,"In a small Korean province in 1986, two detectives struggle with the case of multiple young women being found raped and murdered by an unknown culprit.",Memories of Murder,Original title: Salinui chueok,2003
